sheet,row,col,type,value
Contents,1,1,2,Kind
Contents,1,2,2,Example
Contents,2,1,2,number
Contents,2,2,1,1234.5
Contents,3,1,2,negative zero
Contents,3,2,1,0.0
Contents,4,1,2,tenth
Contents,4,2,1,0.1
Contents,5,1,2,largest
Contents,5,2,1,9.99999999999999e+307
Contents,6,1,2,smallest normal
Contents,6,2,1,2.2250738585072014e-308
Contents,7,1,2,tiny
Contents,7,2,1,-1e-300
Contents,8,1,2,seventeen digits
Contents,8,2,1,1.2345678901234568e+16
Contents,9,1,2,pi
Contents,9,2,1,3.141592653589793
Contents,10,1,2,text
Contents,10,2,2,plain text
Contents,11,1,2,true
Contents,11,2,4,TRUE
Contents,12,1,2,false
Contents,12,2,4,FALSE
Contents,13,1,2,formula
Contents,13,2,1,2469.0
Contents,14,1,2,formula text
Contents,14,2,2,ab
Contents,15,1,2,formula logical
Contents,15,2,4,TRUE
Contents,16,1,2,empty text
Contents,16,2,2,
Contents,17,1,2,largest double
Contents,17,2,1,1.7976931348623157e+308
